Problem,Optimizer,Run,FinalValue,Iterations,Time,Converged
Sphere_2D,QQN,0,1.335216e0,10,0.017,false
Sphere_2D,QQN,1,1.335216e0,10,0.014,false
Sphere_2D,QQN,2,1.335216e0,10,0.064,false
Sphere_2D,L-BFGS,0,2.000000e0,51,0.045,true
Sphere_2D,L-BFGS,1,2.000000e0,51,0.017,true
Sphere_2D,L-BFGS,2,2.000000e0,51,0.017,true
Rosenbrock_2D,QQN,0,inf,5,0.003,false
Rosenbrock_2D,QQN,1,inf,5,0.003,false
Rosenbrock_2D,QQN,2,inf,5,0.003,false
Rosenbrock_2D,L-BFGS,0,7.018000e2,51,0.016,true
Rosenbrock_2D,L-BFGS,1,7.018000e2,51,0.016,true
Rosenbrock_2D,L-BFGS,2,7.018000e2,51,0.016,true
