Optimizer,Run,FinalValue,FinalGradientNorm,Iterations,FunctionEvals,GradientEvals,Time,Converged
QQN-GoldenSection,0,-1.953534e2,5.753640e0,3,139,20,0.002,true
QQN-GoldenSection,1,-1.955560e2,4.242052e0,4,189,26,0.003,true
QQN-GoldenSection,2,-1.957393e2,2.528379e0,4,181,26,0.003,true
QQN-GoldenSection,3,-1.956088e2,3.997383e0,6,264,38,0.004,true
QQN-GoldenSection,4,-1.675574e2,4.569127e-3,13,353,79,0.006,false
QQN-GoldenSection,5,-1.816941e2,6.277591e-6,11,418,68,0.007,false
QQN-GoldenSection,6,-1.957186e2,2.742352e0,5,238,32,0.003,true
QQN-GoldenSection,7,-1.954781e2,4.790836e0,7,315,44,0.005,true
QQN-GoldenSection,8,-1.816941e2,1.280976e-7,16,565,93,0.010,false
QQN-GoldenSection,9,-1.954559e2,4.928524e0,5,222,32,0.003,true
QQN-GoldenSection,10,-1.957169e2,2.766692e0,5,218,32,0.003,true
QQN-GoldenSection,11,-1.958237e2,7.079640e-1,5,237,32,0.003,true
QQN-GoldenSection,12,-1.958228e2,7.457262e-1,6,279,38,0.004,true
QQN-GoldenSection,13,-1.816941e2,9.688845e-7,30,881,177,0.017,false
QQN-GoldenSection,14,-1.958193e2,8.964540e-1,6,283,38,0.004,true
QQN-GoldenSection,15,-1.955530e2,4.508723e0,8,349,50,0.006,true
QQN-GoldenSection,16,-1.816941e2,3.402623e-8,16,549,93,0.010,false
QQN-GoldenSection,17,-1.675574e2,2.282119e-3,17,568,103,0.010,false
QQN-GoldenSection,18,-1.956589e2,3.387875e0,3,139,20,0.002,true
QQN-GoldenSection,19,-1.956687e2,3.260630e0,5,223,32,0.003,true
QQN-Bisection-1,0,-1.816941e2,2.366962e-7,14,265,250,0.005,false
QQN-Bisection-1,1,-1.957069e2,2.850497e0,18,559,557,0.011,true
QQN-Bisection-1,2,-1.675574e2,9.940708e-7,25,587,593,0.013,false
QQN-Bisection-1,3,-1.951695e2,6.600472e0,6,89,133,0.002,true
QQN-Bisection-1,4,-1.816941e2,1.761836e-2,75,2590,2450,0.046,false
QQN-Bisection-1,5,-1.951784e2,6.463288e0,6,108,160,0.002,true
QQN-Bisection-1,6,-1.956619e2,3.336906e0,5,78,123,0.002,true
QQN-Bisection-1,7,-1.958227e2,7.460547e-1,11,366,403,0.008,true
QQN-Bisection-1,8,-1.816941e2,1.767073e-7,15,245,283,0.005,false
QQN-Bisection-1,9,-1.816941e2,2.734240e-7,17,229,257,0.005,false
QQN-Bisection-1,10,-1.816941e2,1.308842e-6,21,626,681,0.011,false
QQN-Bisection-1,11,-1.958235e2,7.159269e-1,10,306,330,0.005,true
QQN-Bisection-1,12,-1.952657e2,6.022146e0,6,187,185,0.003,true
QQN-Bisection-1,13,-1.816941e2,1.690871e-6,19,546,602,0.009,false
QQN-Bisection-1,14,-1.958284e2,4.117558e-1,12,300,328,0.006,true
QQN-Bisection-1,15,-1.816941e2,9.132680e-7,23,659,691,0.012,false
QQN-Bisection-1,16,-1.957547e2,2.293256e0,9,208,253,0.004,true
QQN-Bisection-1,17,-1.954396e2,5.100925e0,4,105,155,0.002,true
QQN-Bisection-1,18,-1.956840e2,3.103558e0,6,108,152,0.002,true
QQN-Bisection-1,19,-1.955030e2,4.664923e0,6,108,152,0.002,true
QQN-Bisection-2,0,-1.816941e2,1.114420e-6,21,376,245,0.009,false
QQN-Bisection-2,1,-1.951709e2,6.963624e0,8,122,118,0.003,true
QQN-Bisection-2,2,-1.956946e2,2.999100e0,8,133,119,0.003,true
QQN-Bisection-2,3,-1.958174e2,9.599666e-1,8,142,120,0.003,true
QQN-Bisection-2,4,-1.675574e2,6.163871e-7,15,260,180,0.006,false
QQN-Bisection-2,5,-1.956621e2,3.411895e0,4,58,80,0.001,true
QQN-Bisection-2,6,-1.956510e2,3.446301e0,8,132,119,0.003,true
QQN-Bisection-2,7,-1.958222e2,7.666298e-1,7,121,110,0.002,true
QQN-Bisection-2,8,-1.955486e2,4.300805e0,5,69,89,0.001,true
QQN-Bisection-2,9,-1.957413e2,2.437303e0,4,58,80,0.001,true
QQN-Bisection-2,10,-1.816941e2,4.424907e-7,16,230,185,0.005,false
QQN-Bisection-2,11,-1.816941e2,1.135528e-7,17,231,193,0.006,false
QQN-Bisection-2,12,-1.816941e2,1.300270e-7,19,292,213,0.007,false
QQN-Bisection-2,13,-1.816941e2,5.283531e-7,18,322,210,0.007,false
QQN-Bisection-2,14,-1.675574e2,1.222860e-6,20,405,240,0.009,false
QQN-Bisection-2,15,-1.956935e2,3.028258e0,5,79,90,0.002,true
QQN-Bisection-2,16,-1.958257e2,5.937246e-1,6,110,101,0.002,true
QQN-Bisection-2,17,-1.958111e2,1.156049e0,5,89,91,0.002,true
QQN-Bisection-2,18,-1.816941e2,8.431753e-7,17,271,197,0.006,false
QQN-Bisection-2,19,-1.950044e2,7.872309e0,3,55,72,0.001,true
QQN-StrongWolfe,0,-1.957868e2,1.718335e0,5,92,74,0.002,true
QQN-StrongWolfe,1,-1.816941e2,9.848614e-7,12,185,177,0.005,false
QQN-StrongWolfe,2,-1.675574e2,1.941383e-5,24,514,454,0.015,false
QQN-StrongWolfe,3,-1.957588e2,2.204490e0,8,169,159,0.004,true
QQN-StrongWolfe,4,-1.816941e2,9.723124e-6,19,396,345,0.011,false
QQN-StrongWolfe,5,-1.958250e2,6.310240e-1,11,170,165,0.005,true
QQN-StrongWolfe,6,-1.816941e2,7.884376e-5,27,639,633,0.020,false
QQN-StrongWolfe,7,-1.957351e2,2.507809e0,8,136,120,0.003,true
QQN-StrongWolfe,8,-1.816941e2,1.270776e-6,15,290,259,0.008,false
QQN-StrongWolfe,9,-1.957839e2,1.773419e0,8,136,113,0.003,true
QQN-StrongWolfe,10,-1.956701e2,3.256373e0,8,107,103,0.003,true
QQN-StrongWolfe,11,-1.816941e2,1.235967e-7,14,144,147,0.004,false
QQN-StrongWolfe,12,-1.816941e2,4.445812e-5,23,451,356,0.013,false
QQN-StrongWolfe,13,-1.816941e2,1.745981e-5,23,473,400,0.014,false
QQN-StrongWolfe,14,-1.534207e2,1.428013e-5,19,368,330,0.011,false
QQN-StrongWolfe,15,-1.956744e2,3.220401e0,6,100,92,0.002,true
QQN-StrongWolfe,16,-1.951585e2,6.485403e0,5,87,82,0.002,true
QQN-StrongWolfe,17,-1.816941e2,3.481804e-7,18,254,253,0.008,false
QQN-StrongWolfe,18,-1.816941e2,6.493606e-7,16,160,170,0.005,false
QQN-StrongWolfe,19,-1.816941e2,1.315367e-6,18,350,296,0.010,false
QQN-CubicQuadraticInterpolation,0,-1.675574e2,6.296769e-8,21,204,228,0.007,false
QQN-CubicQuadraticInterpolation,1,-1.816941e2,1.973012e-3,19,188,198,0.006,false
QQN-CubicQuadraticInterpolation,2,-1.954700e2,4.791037e0,5,57,65,0.001,true
QQN-CubicQuadraticInterpolation,3,-1.955439e2,4.298711e0,8,99,125,0.003,true
QQN-CubicQuadraticInterpolation,4,-1.675574e2,3.097727e-8,18,171,180,0.006,false
QQN-CubicQuadraticInterpolation,5,-1.958057e2,1.332317e0,6,73,89,0.002,true
QQN-CubicQuadraticInterpolation,6,-1.816941e2,2.068180e-8,17,162,176,0.005,false
QQN-CubicQuadraticInterpolation,7,-1.956161e2,3.765912e0,4,47,53,0.001,true
QQN-CubicQuadraticInterpolation,8,-1.957231e2,2.780641e0,8,95,117,0.003,true
QQN-CubicQuadraticInterpolation,9,-1.957973e2,1.542379e0,6,73,89,0.002,true
QQN-CubicQuadraticInterpolation,10,-1.958180e2,9.478606e-1,4,45,49,0.001,true
QQN-CubicQuadraticInterpolation,11,-1.816941e2,3.542695e-7,21,192,194,0.007,false
QQN-CubicQuadraticInterpolation,12,-1.534207e2,6.181683e-3,17,174,190,0.006,false
QQN-CubicQuadraticInterpolation,13,-1.675574e2,4.896501e-3,19,192,210,0.007,false
QQN-CubicQuadraticInterpolation,14,-1.816941e2,5.640168e-3,22,223,248,0.008,false
QQN-CubicQuadraticInterpolation,15,-1.675574e2,1.009047e-7,14,139,152,0.005,false
QQN-CubicQuadraticInterpolation,16,-1.956208e2,3.714821e0,8,99,125,0.003,true
QQN-CubicQuadraticInterpolation,17,-1.675574e2,3.141131e-3,16,160,170,0.005,false
QQN-CubicQuadraticInterpolation,18,-1.534207e2,3.723223e-3,15,143,144,0.004,false
QQN-CubicQuadraticInterpolation,19,-1.957842e2,1.770343e0,5,57,65,0.001,true
L-BFGS-Aggressive,0,-1.163317e2,2.881127e1,384,3849,1157,0.022,false
L-BFGS-Aggressive,1,-2.731432e1,1.282879e2,384,3848,1157,0.028,false
L-BFGS-Aggressive,2,-9.379987e1,1.202256e2,384,3848,1157,0.028,false
L-BFGS-Aggressive,3,-1.082491e2,9.397456e1,384,3848,1157,0.035,false
L-BFGS-Aggressive,4,-1.310469e2,4.274897e1,384,3847,1157,0.028,false
L-BFGS-Aggressive,5,-1.832115e2,3.476109e1,384,3848,1157,0.030,false
L-BFGS-Aggressive,6,-1.378410e2,7.690267e1,384,3848,1157,0.037,false
L-BFGS-Aggressive,7,-1.199350e2,4.253296e1,384,3848,1157,0.022,false
L-BFGS-Aggressive,8,-1.184102e2,3.520677e1,384,3849,1157,0.022,false
L-BFGS-Aggressive,9,-1.735704e2,3.648682e1,384,3848,1157,0.030,false
L-BFGS-Aggressive,10,-9.027244e1,3.587656e1,384,3847,1157,0.029,false
L-BFGS-Aggressive,11,-1.329993e2,5.822151e1,384,3848,1157,0.029,false
L-BFGS-Aggressive,12,-8.861361e1,8.166545e1,384,3847,1157,0.032,false
L-BFGS-Aggressive,13,-8.899691e1,5.626955e1,384,3848,1157,0.022,false
L-BFGS-Aggressive,14,-6.938539e1,4.404949e1,384,3848,1157,0.022,false
L-BFGS-Aggressive,15,-1.440234e2,2.495969e1,384,3849,1157,0.022,false
L-BFGS-Aggressive,16,-9.292660e1,1.158926e2,384,3848,1157,0.029,false
L-BFGS-Aggressive,17,-4.421895e1,1.395476e2,384,3848,1157,0.029,false
L-BFGS-Aggressive,18,-1.079930e2,3.433821e1,384,3847,1157,0.033,false
L-BFGS-Aggressive,19,-1.254535e1,1.215391e2,384,3848,1157,0.029,false
L-BFGS,0,-1.935701e2,1.216146e1,15,143,63,0.002,false
L-BFGS,1,-1.816941e2,5.597435e-7,18,172,80,0.003,false
L-BFGS,2,-1.816941e2,5.003011e-7,17,165,78,0.002,false
L-BFGS,3,-1.913364e2,1.603806e1,21,203,83,0.003,false
L-BFGS,4,-1.958054e2,1.314471e0,5,48,26,0.001,true
L-BFGS,5,-1.766266e2,2.933042e1,15,144,66,0.002,false
L-BFGS,6,-1.816941e2,2.565734e-7,17,164,77,0.002,false
L-BFGS,7,-1.757681e2,1.636062e1,18,170,75,0.003,false
L-BFGS,8,-1.735937e2,1.866798e1,19,185,75,0.003,false
L-BFGS,9,-1.816941e2,4.171346e-7,16,153,74,0.002,false
L-BFGS,10,-1.878581e2,2.643734e1,25,238,91,0.004,false
L-BFGS,11,-1.955999e2,3.912603e0,11,102,50,0.002,true
L-BFGS,12,-1.953801e2,5.436686e0,10,98,52,0.001,true
L-BFGS,13,-1.958068e2,1.277583e0,10,97,46,0.001,true
L-BFGS,14,-1.954463e2,4.970693e0,16,155,66,0.002,true
L-BFGS,15,-1.854429e2,2.379738e1,15,144,64,0.002,false
L-BFGS,16,-1.867562e2,1.832649e1,20,192,76,0.003,false
L-BFGS,17,-1.751249e2,1.788184e1,27,253,109,0.004,false
L-BFGS,18,-1.805296e2,8.240681e0,16,149,71,0.002,false
L-BFGS,19,-1.955000e2,4.649769e0,10,92,45,0.001,true
L-BFGS-Conservative,0,-1.951732e2,6.525687e0,43,226,182,0.006,true
L-BFGS-Conservative,1,-1.951737e2,6.401610e0,63,326,261,0.009,true
L-BFGS-Conservative,2,-1.950963e2,6.764414e0,50,265,209,0.007,true
L-BFGS-Conservative,3,-1.816941e2,1.618552e-3,119,656,486,0.016,false
L-BFGS-Conservative,4,-1.950706e2,7.321341e0,79,438,326,0.011,true
L-BFGS-Conservative,5,-1.950940e2,6.637186e0,58,302,241,0.008,true
L-BFGS-Conservative,6,-1.816941e2,1.168466e-3,109,557,445,0.015,false
L-BFGS-Conservative,7,-1.950084e2,7.173623e0,51,267,211,0.007,true
L-BFGS-Conservative,8,-1.588701e2,1.019986e1,257,3960,1042,0.041,false
L-BFGS-Conservative,9,-1.816941e2,1.523930e-3,114,582,464,0.015,false
L-BFGS-Conservative,10,-1.950522e2,7.065684e0,50,264,210,0.007,true
L-BFGS-Conservative,11,-1.950319e2,7.157327e0,58,301,239,0.008,true
L-BFGS-Conservative,12,-1.951284e2,6.777646e0,63,329,261,0.009,true
L-BFGS-Conservative,13,-1.675574e2,1.420735e-3,129,655,524,0.017,false
L-BFGS-Conservative,14,-1.950768e2,6.945112e0,51,268,214,0.007,true
L-BFGS-Conservative,15,-1.816941e2,1.751174e-3,106,551,432,0.014,false
L-BFGS-Conservative,16,-1.951161e2,6.619461e0,51,267,213,0.007,true
L-BFGS-Conservative,17,-1.952093e2,6.342048e0,44,231,185,0.006,true
L-BFGS-Conservative,18,-1.951137e2,6.694675e0,50,261,209,0.007,true
L-BFGS-Conservative,19,-1.816941e2,1.573851e-3,128,650,519,0.016,false
L-BFGS-MoreThuente,0,-1.957380e2,2.485205e0,6,52,40,0.001,true
L-BFGS-MoreThuente,1,-1.816941e2,3.646439e-2,202,1414,1002,0.028,false
L-BFGS-MoreThuente,2,-1.956854e2,3.198639e0,5,45,35,0.001,true
L-BFGS-MoreThuente,3,-1.816941e2,7.023222e-3,12,98,74,0.002,false
L-BFGS-MoreThuente,4,-1.816941e2,6.391552e-3,25,214,164,0.004,false
L-BFGS-MoreThuente,5,-1.951440e2,6.499432e0,5,44,34,0.001,true
L-BFGS-MoreThuente,6,-1.816941e2,2.809486e-3,15,119,89,0.002,false
L-BFGS-MoreThuente,7,-1.958280e2,4.417421e-1,6,53,41,0.001,true
L-BFGS-MoreThuente,8,-1.816941e2,4.410539e-2,93,665,479,0.013,false
L-BFGS-MoreThuente,9,-1.816940e2,8.242689e-2,54,389,280,0.008,false
L-BFGS-MoreThuente,10,-1.816941e2,8.907666e-3,34,254,186,0.005,false
L-BFGS-MoreThuente,11,-1.816941e2,4.486848e-4,10,83,63,0.002,false
L-BFGS-MoreThuente,12,-1.957861e2,1.740102e0,4,36,28,0.000,true
L-BFGS-MoreThuente,13,-1.957344e2,2.533498e0,8,68,52,0.001,true
L-BFGS-MoreThuente,14,-1.816941e2,4.677328e-2,19,164,126,0.003,false
L-BFGS-MoreThuente,15,-1.957738e2,1.967845e0,6,52,40,0.001,true
L-BFGS-MoreThuente,16,-1.956030e2,3.852853e0,4,35,27,0.000,true
L-BFGS-MoreThuente,17,-1.957507e2,2.310369e0,4,36,28,0.000,true
L-BFGS-MoreThuente,18,-1.957241e2,2.652373e0,5,43,33,0.001,true
L-BFGS-MoreThuente,19,-1.816941e2,2.413247e-3,40,320,240,0.006,false
L-BFGS-Limited,0,-1.958049e2,1.356020e0,14,93,45,0.002,true
L-BFGS-Limited,1,-1.951086e2,6.565946e0,9,56,30,0.001,true
L-BFGS-Limited,2,-1.958288e2,3.765822e-1,14,91,45,0.002,true
L-BFGS-Limited,3,-1.816941e2,1.772044e-3,29,227,89,0.004,false
L-BFGS-Limited,4,-1.951048e2,7.525031e0,11,69,36,0.002,true
L-BFGS-Limited,5,-1.956100e2,3.758546e0,8,50,27,0.001,true
L-BFGS-Limited,6,-1.816473e2,1.744379e0,286,4147,863,0.041,false
L-BFGS-Limited,7,-1.816938e2,1.293286e-1,24,246,74,0.003,false
L-BFGS-Limited,8,-1.957483e2,2.443499e0,14,91,45,0.002,true
L-BFGS-Limited,9,-1.956806e2,3.322076e0,11,70,36,0.002,true
L-BFGS-Limited,10,-1.816941e2,4.177340e-2,318,4046,959,0.044,false
L-BFGS-Limited,11,-1.816941e2,2.202259e-6,29,227,89,0.004,false
L-BFGS-Limited,12,-1.816941e2,4.401729e-2,197,2391,593,0.027,false
L-BFGS-Limited,13,-1.816941e2,5.440554e-2,42,498,128,0.006,false
L-BFGS-Limited,14,-1.957657e2,2.077899e0,12,76,39,0.002,true
L-BFGS-Limited,15,-1.816941e2,1.991703e-2,498,3510,1499,0.062,false
L-BFGS-Limited,16,-1.957448e2,2.496749e0,10,65,33,0.001,true
L-BFGS-Limited,17,-1.958150e2,1.049584e0,9,56,30,0.001,true
L-BFGS-Limited,18,-1.816941e2,3.185869e-3,81,433,245,0.010,false
L-BFGS-Limited,19,-1.816941e2,3.105107e-4,44,355,134,0.006,false
GD,0,-1.816941e2,1.629680e-4,113,116,228,0.003,false
GD,1,-1.950615e2,6.842532e0,81,84,165,0.002,true
GD,2,-1.675574e2,2.616529e-4,109,112,220,0.003,false
GD,3,-1.816941e2,2.429043e-4,123,126,248,0.003,false
GD,4,-1.816941e2,2.532426e-4,101,104,204,0.003,false
GD,5,-1.952865e2,5.868604e0,65,68,133,0.002,true
GD,6,-1.816941e2,2.859006e-4,108,111,218,0.003,false
GD,7,-1.534207e2,2.391066e-4,112,115,226,0.003,false
GD,8,-1.953976e2,5.180575e0,78,81,159,0.002,true
GD,9,-1.954140e2,5.081719e0,96,99,195,0.003,true
GD,10,-1.953481e2,5.562586e0,64,67,131,0.002,true
GD,11,-1.816941e2,2.536879e-4,104,107,210,0.003,false
GD,12,-1.953945e2,5.223017e0,78,81,159,0.002,true
GD,13,-1.951816e2,6.320586e0,80,83,163,0.002,true
GD,14,-1.675574e2,2.638161e-4,113,116,228,0.003,false
GD,15,-1.953354e2,5.547715e0,67,70,137,0.002,true
GD,16,-1.953743e2,5.311149e0,72,75,147,0.002,true
GD,17,-1.953750e2,5.300403e0,80,83,163,0.002,true
GD,18,-1.816941e2,2.208488e-4,108,111,218,0.003,false
GD,19,-1.816941e2,2.652286e-4,102,105,206,0.003,false
GD-Momentum,0,-1.880860e2,2.692452e1,51,54,104,0.002,false
GD-Momentum,1,-1.816941e2,2.709658e-3,194,197,390,0.006,false
GD-Momentum,2,-1.909226e2,1.721288e1,40,43,82,0.001,false
GD-Momentum,3,-1.710370e2,3.057022e1,40,43,82,0.001,false
GD-Momentum,4,-1.019574e2,5.066673e1,24,27,50,0.001,false
GD-Momentum,5,-7.543500e1,5.481698e1,21,24,44,0.001,false
GD-Momentum,6,-1.853093e2,3.247863e1,52,55,106,0.002,false
GD-Momentum,7,-1.338134e2,4.875706e1,26,29,54,0.001,false
GD-Momentum,8,-1.757434e2,4.393994e1,29,32,60,0.001,false
GD-Momentum,9,-1.764786e2,2.040648e1,51,54,104,0.002,false
GD-Momentum,10,-1.905821e2,1.892951e1,46,49,94,0.001,false
GD-Momentum,11,-7.952794e1,5.381999e1,22,25,46,0.001,false
GD-Momentum,12,-1.752407e2,2.229778e1,50,53,102,0.002,false
GD-Momentum,13,-1.880788e2,2.654675e1,47,50,96,0.002,false
GD-Momentum,14,-1.844290e2,2.990093e1,36,39,74,0.001,false
GD-Momentum,15,-1.358421e2,5.051168e1,26,29,54,0.001,false
GD-Momentum,16,-1.952111e2,6.773514e0,48,51,99,0.002,true
GD-Momentum,17,-1.951927e2,6.841379e0,46,49,95,0.001,true
GD-Momentum,18,-1.950593e2,7.637094e0,50,53,103,0.002,true
GD-Momentum,19,-1.675574e2,2.767396e-3,196,199,394,0.006,false
GD-Nesterov,0,-1.675574e2,4.099155e-4,76,79,154,0.003,false
GD-Nesterov,1,-1.811580e2,6.005093e0,43,46,88,0.001,false
GD-Nesterov,2,-1.873023e2,2.738950e1,28,31,58,0.001,false
GD-Nesterov,3,-1.952362e2,6.239035e0,33,36,69,0.001,true
GD-Nesterov,4,-1.956287e2,3.673715e0,32,35,67,0.001,true
GD-Nesterov,5,-1.951083e2,7.446049e0,31,34,65,0.001,true
GD-Nesterov,6,-1.854867e2,3.025885e1,27,30,56,0.001,false
GD-Nesterov,7,-1.816941e2,9.081256e-4,74,77,150,0.002,false
GD-Nesterov,8,-1.956333e2,3.641319e0,32,35,67,0.001,true
GD-Nesterov,9,-1.955319e2,4.525429e0,41,44,85,0.001,true
GD-Nesterov,10,-1.797730e2,1.199069e1,46,49,94,0.002,false
GD-Nesterov,11,-1.816941e2,2.185596e-4,78,81,158,0.003,false
GD-Nesterov,12,-1.161037e2,3.486616e1,23,26,48,0.001,false
GD-Nesterov,13,-1.955881e2,3.951160e0,39,42,81,0.001,true
GD-Nesterov,14,-1.523804e2,1.748945e1,29,32,60,0.001,false
GD-Nesterov,15,-1.935946e2,1.353230e1,38,41,78,0.001,false
GD-Nesterov,16,-1.917668e2,1.719385e1,33,36,68,0.001,false
GD-Nesterov,17,-1.868344e2,2.826293e1,28,31,58,0.001,false
GD-Nesterov,18,-1.816941e2,6.150523e-4,70,73,142,0.002,false
GD-Nesterov,19,-1.796949e2,1.171204e1,36,39,74,0.001,false
GD-WeightDecay,0,-1.534207e2,4.642478e-3,115,118,232,0.004,false
GD-WeightDecay,1,-1.956366e2,3.724511e0,42,45,87,0.001,true
GD-WeightDecay,2,-1.950125e2,7.393727e0,30,33,63,0.001,true
GD-WeightDecay,3,-1.956861e2,3.108097e0,43,46,89,0.002,true
GD-WeightDecay,4,-1.957254e2,2.637202e0,44,47,91,0.002,true
GD-WeightDecay,5,-1.814720e2,3.789407e0,50,53,102,0.002,false
GD-WeightDecay,6,-1.813362e2,5.179928e0,55,58,112,0.002,false
GD-WeightDecay,7,-1.954646e2,5.142263e0,30,33,63,0.001,true
GD-WeightDecay,8,-1.954403e2,5.377912e0,42,45,87,0.001,true
GD-WeightDecay,9,-1.953014e2,6.216848e0,35,38,73,0.001,true
GD-WeightDecay,10,-1.952137e2,6.803678e0,40,43,83,0.001,true
GD-WeightDecay,11,-1.814234e2,4.191447e0,50,53,102,0.002,false
GD-WeightDecay,12,-1.953655e2,5.903683e0,43,46,89,0.002,true
GD-WeightDecay,13,-1.951768e2,7.069063e0,36,39,75,0.001,true
GD-WeightDecay,14,-1.953595e2,5.926408e0,38,41,79,0.001,true
GD-WeightDecay,15,-1.813328e2,4.980208e0,50,53,102,0.002,false
GD-WeightDecay,16,-1.816941e2,3.497761e-3,114,117,230,0.004,false
GD-WeightDecay,17,-1.814404e2,4.041087e0,51,54,104,0.002,false
GD-WeightDecay,18,-1.950777e2,6.780284e0,48,51,99,0.002,true
GD-WeightDecay,19,-1.814198e2,4.210167e0,46,49,94,0.002,false
GD-AdaptiveMomentum,0,-1.197115e2,6.990457e1,27,30,56,0.001,false
GD-AdaptiveMomentum,1,-1.950690e2,7.569850e0,53,56,109,0.002,true
GD-AdaptiveMomentum,2,-1.277466e2,7.910065e1,25,28,52,0.001,false
GD-AdaptiveMomentum,3,-9.964072e1,7.753749e1,23,26,48,0.001,false
GD-AdaptiveMomentum,4,-1.357829e2,8.111175e1,25,28,52,0.001,false
GD-AdaptiveMomentum,5,-1.729428e2,2.352525e1,43,46,88,0.002,false
GD-AdaptiveMomentum,6,-1.077916e2,7.274903e1,25,28,52,0.001,false
GD-AdaptiveMomentum,7,-1.343964e2,7.353942e1,26,29,54,0.001,false
GD-AdaptiveMomentum,8,-1.950776e2,7.099526e0,58,61,119,0.002,true
GD-AdaptiveMomentum,9,-7.797343e1,7.003601e1,22,25,46,0.001,false
GD-AdaptiveMomentum,10,-8.392482e1,7.631909e1,23,26,48,0.001,false
GD-AdaptiveMomentum,11,-1.138240e2,7.014727e1,25,28,52,0.001,false
GD-AdaptiveMomentum,12,-1.762835e2,1.882145e1,46,49,94,0.002,false
GD-AdaptiveMomentum,13,-1.452644e2,7.443253e1,26,29,54,0.001,false
GD-AdaptiveMomentum,14,-1.398954e2,7.756863e1,26,29,54,0.001,false
GD-AdaptiveMomentum,15,-7.446938e1,7.149390e1,22,25,46,0.001,false
GD-AdaptiveMomentum,16,-1.428005e2,7.526706e1,26,29,54,0.001,false
GD-AdaptiveMomentum,17,-1.528142e2,6.749722e1,28,31,58,0.001,false
GD-AdaptiveMomentum,18,-1.886111e2,2.355451e1,54,57,110,0.002,false
GD-AdaptiveMomentum,19,-1.205061e2,7.376345e1,25,28,52,0.001,false
Adam-Fast,0,-1.748127e2,2.392347e1,34,71,70,0.002,false
Adam-Fast,1,-1.748519e2,2.386459e1,34,71,70,0.002,false
Adam-Fast,2,-1.957144e2,2.779452e0,28,59,59,0.001,true
Adam-Fast,3,-1.953717e2,5.437400e0,28,59,59,0.001,true
Adam-Fast,4,-1.950982e2,6.883453e0,28,59,59,0.001,true
Adam-Fast,5,-1.618270e2,2.173728e1,34,71,70,0.002,false
Adam-Fast,6,-1.747279e2,2.409781e1,35,73,72,0.002,false
Adam-Fast,7,-1.747737e2,2.397294e1,34,71,70,0.001,false
Adam-Fast,8,-1.747541e2,2.409080e1,35,73,72,0.002,false
Adam-Fast,9,-1.957527e2,2.298180e0,28,59,59,0.001,true
Adam-Fast,10,-1.951430e2,6.685515e0,28,59,59,0.001,true
Adam-Fast,11,-1.957716e2,2.005121e0,28,59,59,0.001,true
Adam-Fast,12,-1.746412e2,2.426448e1,35,73,72,0.001,false
Adam-Fast,13,-1.957602e2,2.175067e0,29,61,61,0.001,true
Adam-Fast,14,-1.957248e2,2.666685e0,28,59,59,0.001,true
Adam-Fast,15,-1.748263e2,2.395814e1,35,73,72,0.002,false
Adam-Fast,16,-1.957995e2,1.456131e0,29,61,61,0.001,true
Adam-Fast,17,-1.956006e2,3.904219e0,28,59,59,0.001,true
Adam-Fast,18,-1.748702e2,2.380106e1,34,71,70,0.001,false
Adam-Fast,19,-1.957319e2,2.581852e0,28,59,59,0.001,true
Adam,0,-7.722647e1,4.230275e1,1249,2502,2502,0.052,false
Adam,1,-8.059534e1,4.278040e1,1249,2502,2502,0.052,false
Adam,2,-6.965942e1,4.114947e1,1249,2502,2502,0.053,false
Adam,3,-8.298896e1,4.305530e1,1249,2502,2502,0.052,false
Adam,4,-6.635081e1,3.940537e1,1249,2502,2502,0.052,false
Adam,5,-7.110539e1,4.012410e1,1249,2502,2502,0.052,false
Adam,6,-7.123143e1,4.140822e1,1249,2502,2502,0.057,false
Adam,7,-6.853417e1,3.969495e1,1249,2502,2502,0.053,false
Adam,8,-7.531749e1,4.068716e1,1249,2502,2502,0.053,false
Adam,9,-7.986139e1,4.268999e1,1249,2502,2502,0.067,false
Adam,10,-8.032944e1,4.273797e1,1249,2502,2502,0.057,false
Adam,11,-6.998737e1,3.989903e1,1249,2502,2502,0.054,false
Adam,12,-7.076872e1,4.004323e1,1249,2502,2502,0.057,false
Adam,13,-7.170786e1,4.147343e1,1249,2502,2502,0.053,false
Adam,14,-7.176834e1,4.021139e1,1249,2502,2502,0.055,false
Adam,15,-7.769623e1,4.240103e1,1249,2502,2502,0.053,false
Adam,16,-7.515987e1,4.201062e1,1249,2502,2502,0.062,false
Adam,17,-7.032700e1,3.997980e1,1249,2502,2502,0.053,false
Adam,18,-7.254087e1,4.029537e1,1249,2502,2502,0.053,false
Adam,19,-7.383596e1,4.178637e1,1249,2502,2502,0.060,false
Adam-AMSGrad,0,-7.925780e1,4.259655e1,1249,2502,2502,0.060,false
Adam-AMSGrad,1,-7.373190e1,3.895076e1,1249,2502,2502,0.060,false
Adam-AMSGrad,2,-7.106395e1,4.140011e1,1249,2502,2502,0.061,false
Adam-AMSGrad,3,-6.560654e1,3.810683e1,1249,2502,2502,0.060,false
Adam-AMSGrad,4,-7.773616e1,4.237909e1,1249,2502,2502,0.059,false
Adam-AMSGrad,5,-6.724346e1,3.817151e1,1249,2502,2502,0.060,false
Adam-AMSGrad,6,-7.942049e1,4.263289e1,1249,2502,2502,0.065,false
Adam-AMSGrad,7,-8.078363e1,4.279736e1,1249,2502,2502,0.062,false
Adam-AMSGrad,8,-7.934510e1,4.262354e1,1249,2502,2502,0.058,false
Adam-AMSGrad,9,-7.415647e1,4.185493e1,1249,2502,2502,0.067,false
Adam-AMSGrad,10,-7.434592e1,4.057392e1,1249,2502,2502,0.059,false
Adam-AMSGrad,11,-7.559645e1,4.208557e1,1249,2502,2502,0.059,false
Adam-AMSGrad,12,-7.854666e1,4.251658e1,1249,2502,2502,0.059,false
Adam-AMSGrad,13,-8.100295e1,4.281130e1,1249,2502,2502,0.058,false
Adam-AMSGrad,14,-7.445731e1,4.054696e1,1249,2502,2502,0.058,false
Adam-AMSGrad,15,-7.554316e1,4.206785e1,1249,2502,2502,0.060,false
Adam-AMSGrad,16,-6.931001e1,3.985199e1,1249,2502,2502,0.059,false
Adam-AMSGrad,17,-7.049739e1,3.999204e1,1249,2502,2502,0.059,false
Adam-AMSGrad,18,-7.199279e1,3.878758e1,1249,2502,2502,0.057,false
Adam-AMSGrad,19,-7.997535e1,4.122387e1,1249,2502,2502,0.057,false
Adam-WeightDecay,0,-1.816910e2,4.613328e-1,958,1919,1918,0.041,false
Adam-WeightDecay,1,-1.816907e2,4.890153e-1,946,1895,1894,0.041,false
Adam-WeightDecay,2,-1.816907e2,4.844373e-1,963,1929,1928,0.041,false
Adam-WeightDecay,3,-1.816906e2,4.905219e-1,973,1949,1948,0.042,false
Adam-WeightDecay,4,-1.950253e2,7.202592e0,936,1875,1875,0.042,true
Adam-WeightDecay,5,-1.816908e2,4.800720e-1,944,1891,1890,0.043,false
Adam-WeightDecay,6,-1.816906e2,4.914387e-1,930,1863,1862,0.041,false
Adam-WeightDecay,7,-1.950360e2,7.159734e0,913,1829,1829,0.040,true
Adam-WeightDecay,8,-1.950188e2,7.231302e0,899,1801,1801,0.039,true
Adam-WeightDecay,9,-1.950227e2,7.181570e0,924,1851,1851,0.041,true
Adam-WeightDecay,10,-1.816907e2,4.899804e-1,966,1935,1934,0.044,false
Adam-WeightDecay,11,-1.950369e2,7.140348e0,916,1835,1835,0.040,true
Adam-WeightDecay,12,-1.950038e2,7.277836e0,922,1847,1847,0.041,true
Adam-WeightDecay,13,-1.950086e2,7.250021e0,926,1855,1855,0.041,true
Adam-WeightDecay,14,-1.950196e2,7.207965e0,933,1869,1869,0.041,true
Adam-WeightDecay,15,-1.950393e2,7.136494e0,899,1801,1801,0.040,true
Adam-WeightDecay,16,-1.950347e2,7.126244e0,910,1823,1823,0.040,true
Adam-WeightDecay,17,-1.950255e2,7.196025e0,953,1909,1909,0.043,true
Adam-WeightDecay,18,-1.950020e2,7.303698e0,908,1819,1819,0.039,true
Adam-WeightDecay,19,-1.950455e2,7.093611e0,906,1815,1815,0.040,true
Adam-Robust,0,-5.185947e1,3.737416e1,1249,2502,2502,0.059,false
Adam-Robust,1,-4.901476e1,3.661418e1,1249,2502,2502,0.058,false
Adam-Robust,2,-4.948873e1,3.522254e1,1249,2502,2502,0.058,false
Adam-Robust,3,-5.521078e1,3.743528e1,1249,2502,2502,0.060,false
Adam-Robust,4,-5.226653e1,3.748090e1,1249,2502,2502,0.058,false
Adam-Robust,5,-5.725321e1,3.788798e1,1249,2502,2502,0.057,false
Adam-Robust,6,-4.997711e1,3.614290e1,1249,2502,2502,0.057,false
Adam-Robust,7,-5.750592e1,3.873642e1,1249,2502,2502,0.058,false
Adam-Robust,8,-6.115561e1,3.953754e1,1249,2502,2502,0.057,false
Adam-Robust,9,-5.447188e1,3.726110e1,1249,2502,2502,0.057,false
Adam-Robust,10,-5.153510e1,3.728851e1,1249,2502,2502,0.057,false
Adam-Robust,11,-5.374815e1,3.785929e1,1249,2502,2502,0.057,false
Adam-Robust,12,-5.796758e1,3.885834e1,1249,2502,2502,0.057,false
Adam-Robust,13,-5.757403e1,3.875147e1,1249,2502,2502,0.058,false
Adam-Robust,14,-5.218032e1,3.669629e1,1249,2502,2502,0.056,false
Adam-Robust,15,-4.492457e1,3.473678e1,1249,2502,2502,0.059,false
Adam-Robust,16,-5.438384e1,3.802114e1,1249,2502,2502,0.059,false
Adam-Robust,17,-5.009292e1,3.690455e1,1249,2502,2502,0.059,false
Adam-Robust,18,-4.951297e1,3.675047e1,1249,2502,2502,0.060,false
Adam-Robust,19,-5.309933e1,3.690539e1,1249,2502,2502,0.060,false
Trust Region-Adaptive,0,-1.951450e2,6.616158e0,777,2334,1557,0.015,true
Trust Region-Adaptive,1,-1.950215e2,7.136502e0,777,2334,1557,0.015,true
Trust Region-Adaptive,2,-1.816633e2,1.444742e0,727,2183,1456,0.014,false
Trust Region-Adaptive,3,-1.952205e2,6.116667e0,776,2331,1555,0.015,true
Trust Region-Adaptive,4,-1.950817e2,6.702325e0,775,2328,1553,0.015,true
Trust Region-Adaptive,5,-1.950190e2,7.003657e0,779,2340,1561,0.015,true
Trust Region-Adaptive,6,-1.951519e2,6.382646e0,780,2343,1563,0.015,true
Trust Region-Adaptive,7,-1.951730e2,6.296418e0,774,2325,1551,0.015,true
Trust Region-Adaptive,8,-1.672286e2,4.621997e0,673,2021,1348,0.013,false
Trust Region-Adaptive,9,-1.675444e2,8.796660e-1,674,2024,1350,0.013,false
Trust Region-Adaptive,10,-1.951918e2,6.206041e0,780,2343,1563,0.015,true
Trust Region-Adaptive,11,-1.950824e2,6.795146e0,771,2316,1545,0.015,true
Trust Region-Adaptive,12,-1.952113e2,6.121013e0,782,2349,1567,0.015,true
Trust Region-Adaptive,13,-1.815012e2,3.444795e0,733,2201,1468,0.015,false
Trust Region-Adaptive,14,-1.952091e2,6.205882e0,775,2328,1553,0.015,true
Trust Region-Adaptive,15,-1.812444e2,4.807015e0,731,2195,1464,0.014,false
Trust Region-Adaptive,16,-1.951507e2,6.588779e0,774,2325,1551,0.015,true
Trust Region-Adaptive,17,-1.675425e2,9.437868e-1,670,2012,1342,0.013,false
Trust Region-Adaptive,18,-1.675168e2,1.609765e0,673,2021,1348,0.013,false
Trust Region-Adaptive,19,-1.950881e2,6.650500e0,778,2337,1559,0.015,true
Trust Region-Standard,0,-1.952964e2,5.728235e0,193,582,389,0.004,true
Trust Region-Standard,1,-1.816436e2,1.680713e0,183,551,368,0.004,false
Trust Region-Standard,2,-1.816764e2,1.007122e0,183,551,368,0.004,false
Trust Region-Standard,3,-1.951519e2,6.381655e0,194,585,391,0.004,true
Trust Region-Standard,4,-1.952000e2,6.312972e0,195,588,393,0.004,true
Trust Region-Standard,5,-1.954121e2,5.169051e0,195,588,393,0.004,true
Trust Region-Standard,6,-1.814530e2,3.572170e0,182,548,366,0.004,false
Trust Region-Standard,7,-1.816199e2,2.140165e0,183,551,368,0.004,false
Trust Region-Standard,8,-1.955816e2,3.982474e0,195,588,393,0.004,true
Trust Region-Standard,9,-1.953851e2,5.250090e0,195,588,393,0.004,true
Trust Region-Standard,10,-1.816613e2,1.424765e0,183,551,368,0.003,false
Trust Region-Standard,11,-1.954332e2,5.007767e0,194,585,391,0.004,true
Trust Region-Standard,12,-1.666332e2,8.593659e0,173,521,348,0.003,false
Trust Region-Standard,13,-1.955985e2,3.849695e0,195,588,393,0.004,true
Trust Region-Standard,14,-1.954374e2,5.055869e0,195,588,393,0.004,true
Trust Region-Standard,15,-1.955820e2,3.979207e0,195,588,393,0.004,true
Trust Region-Standard,16,-1.816727e2,1.135648e0,183,551,368,0.004,false
Trust Region-Standard,17,-1.956313e2,3.578457e0,195,588,393,0.004,true
Trust Region-Standard,18,-1.815218e2,3.043524e0,182,548,366,0.004,false
Trust Region-Standard,19,-1.814164e2,4.029999e0,182,548,366,0.004,false
Trust Region-Conservative,0,-1.008958e1,1.762094e1,999,3002,2002,0.019,false
Trust Region-Conservative,1,-1.027895e1,1.871322e1,999,3002,2002,0.019,false
Trust Region-Conservative,2,-1.011263e1,1.832369e1,999,3002,2002,0.020,false
Trust Region-Conservative,3,-1.080610e1,1.892104e1,999,3002,2002,0.019,false
Trust Region-Conservative,4,-1.126005e1,1.934811e1,999,3002,2002,0.019,false
Trust Region-Conservative,5,-1.012451e1,1.822375e1,999,3002,2002,0.019,false
Trust Region-Conservative,6,-1.137524e1,1.945638e1,999,3002,2002,0.019,false
Trust Region-Conservative,7,-9.885402e0,1.794172e1,999,3002,2002,0.019,false
Trust Region-Conservative,8,-1.075322e1,1.890561e1,999,3002,2002,0.019,false
Trust Region-Conservative,9,-9.392813e0,1.789500e1,999,3002,2002,0.019,false
Trust Region-Conservative,10,-1.061467e1,1.853473e1,999,3002,2002,0.019,false
Trust Region-Conservative,11,-9.655828e0,1.741853e1,999,3002,2002,0.019,false
Trust Region-Conservative,12,-1.157828e1,1.952918e1,999,3002,2002,0.019,false
Trust Region-Conservative,13,-1.045933e1,1.843299e1,999,3002,2002,0.019,false
Trust Region-Conservative,14,-1.215149e1,2.008138e1,999,3002,2002,0.020,false
Trust Region-Conservative,15,-1.124282e1,1.919317e1,999,3002,2002,0.019,false
Trust Region-Conservative,16,-1.046476e1,1.878200e1,999,3002,2002,0.019,false
Trust Region-Conservative,17,-9.569708e0,1.789628e1,999,3002,2002,0.019,false
Trust Region-Conservative,18,-1.017550e1,1.795939e1,999,3002,2002,0.019,false
Trust Region-Conservative,19,-9.885313e0,1.820044e1,999,3002,2002,0.019,false
Trust Region-Aggressive,0,-1.949517e2,7.400466e0,49,149,100,0.001,false
Trust Region-Aggressive,1,-1.531951e2,3.460083e0,39,119,80,0.001,false
Trust Region-Aggressive,2,-1.954949e2,5.034125e0,49,150,101,0.001,true
Trust Region-Aggressive,3,-1.955382e2,4.691335e0,49,150,101,0.001,true
Trust Region-Aggressive,4,-1.814251e2,3.802414e0,46,140,94,0.001,false
Trust Region-Aggressive,5,-1.672278e2,4.137398e0,42,128,86,0.001,false
Trust Region-Aggressive,6,-1.947132e2,8.007021e0,49,149,100,0.001,false
Trust Region-Aggressive,7,-1.955583e2,4.520625e0,49,150,101,0.001,true
Trust Region-Aggressive,8,-1.944875e2,8.695858e0,49,149,100,0.001,false
Trust Region-Aggressive,9,-1.954507e2,5.259625e0,49,150,101,0.001,true
Trust Region-Aggressive,10,-1.945878e2,8.726554e0,49,149,100,0.001,false
Trust Region-Aggressive,11,-1.816184e2,2.206584e0,46,140,94,0.001,false
Trust Region-Aggressive,12,-1.950660e2,6.740681e0,47,144,97,0.001,true
Trust Region-Aggressive,13,-1.946070e2,8.342848e0,49,149,100,0.001,false
Trust Region-Aggressive,14,-1.950417e2,7.070844e0,48,147,99,0.001,true
Trust Region-Aggressive,15,-1.953099e2,5.642254e0,47,144,97,0.001,true
Trust Region-Aggressive,16,-1.947689e2,8.068096e0,49,149,100,0.001,false
Trust Region-Aggressive,17,-1.953126e2,5.710230e0,48,147,99,0.001,true
Trust Region-Aggressive,18,-1.809671e2,6.587020e0,45,137,92,0.001,false
Trust Region-Aggressive,19,-1.955126e2,4.879560e0,49,150,101,0.001,true
Trust Region-Precise,0,-6.372757e1,3.632643e1,999,3002,2002,0.019,false
Trust Region-Precise,1,-6.226084e1,3.050102e1,999,3002,2002,0.019,false
Trust Region-Precise,2,-6.271708e1,2.747472e1,999,3002,2002,0.019,false
Trust Region-Precise,3,-6.243577e1,3.062338e1,999,3002,2002,0.020,false
Trust Region-Precise,4,-6.272731e1,3.448157e1,999,3002,2002,0.026,false
Trust Region-Precise,5,-6.235863e1,3.327365e1,999,3002,2002,0.019,false
Trust Region-Precise,6,-6.213580e1,3.657702e1,999,3002,2002,0.019,false
Trust Region-Precise,7,-6.183203e1,3.620541e1,999,3002,2002,0.019,false
Trust Region-Precise,8,-6.230564e1,2.963624e1,999,3002,2002,0.019,false
Trust Region-Precise,9,-6.396233e1,3.597818e1,999,3002,2002,0.019,false
Trust Region-Precise,10,-6.171479e1,3.412558e1,999,3002,2002,0.019,false
Trust Region-Precise,11,-6.210692e1,3.490241e1,999,3002,2002,0.020,false
Trust Region-Precise,12,-6.314730e1,3.517992e1,999,3002,2002,0.020,false
Trust Region-Precise,13,-6.355786e1,3.561131e1,999,3002,2002,0.020,false
Trust Region-Precise,14,-6.212906e1,2.916149e1,999,3002,2002,0.020,false
Trust Region-Precise,15,-6.381266e1,3.507188e1,999,3002,2002,0.020,false
Trust Region-Precise,16,-6.358694e1,3.620472e1,999,3002,2002,0.020,false
Trust Region-Precise,17,-6.327458e1,3.657762e1,999,3002,2002,0.020,false
Trust Region-Precise,18,-6.326076e1,3.619260e1,999,3002,2002,0.019,false
Trust Region-Precise,19,-6.206156e1,2.930972e1,999,3002,2002,0.019,false
